index	token	token_len
185118	_日本毛片免费视频观看	11
181679	 qq的天天中彩票	9
172750	 大发快三大小单双	9
187822	 大发快三开奖结果	9
116852	 中国福利彩票天天	9
154809	无码不卡高清免费v	9
128031	久久免费热在线精品	9
184969	_日本一级特黄大片	9
177431	给主人留下些什么吧	9
148388	 微信的天天中彩票	9
128600	 大发时时彩计划	8
122333	无码不卡高清免费	8
122712	无码一区二区三区	8
176039	精品一区二区三区	8
186348	 大发快三是什么	8
135161	 大发时时彩开奖	8
187516	 大发快三走势图	8
191179	 大发快三怎么看	8
187810	在线观看中文字幕	8
149168	 大发时时彩怎么	8
160131	 大发快三是不是	8
49649	 彩神争霸邀请码	8
89409	免费视频在线观看	8
160029	 大发快三是国家	8
193825	中国特色社会主义	8
133274	】【：】【“】【	8
194062	 彩神争霸是不是	8
78249	 大发彩票官网	7
119247	 北京赛车开奖	7
166783	 一级a做爰片	7
143802	 大发快三官网	7
189467	 亚洲男人天堂	7
70506	 彩神争霸大发	7
187784	 重庆时时彩杀	7
156153	 彩神争霸网站	7
178597	 久久精品国产	7
160540	彩神争霸邀请码	7
99813	 大发快三开奖	7
170426	 大发快三如何	7
101303	 大发游戏官网	7
95565	 大发快三怎么	7
74929	 大发时时彩是	7
155245	中华人民共和国	7
115319	 大发快三和值	7
136533	 大发快三计划	7
199053	 北京赛车投注	7
136840	久久综合久久爱	7
138985	下载安装到手机	7
141777	 重庆时时彩的	7
182584	热这里只有精品	7
160344	 中国福利彩票	7
195091	在线视频精品	6
174322	娱乐官方网站	6
34342	一区二区三区	6
128539	在线观看免费	6
50020	 彩神争霸是	6
126418	无码中文字幕	6
114332	电影在线观看	6
12284	 大发时时彩	6
195213	 大发彩票网	6
138225	开奖现场直播	6
128805	开奖结果查询	6
109323	 大发快三的	6
173342	娱乐平台注册	6
102670	免费视频观看	6
138258	在线视频观看	6
184003	人片在线观看	6
187540	 日本一本道	6
146082	棋牌游戏官网	6
31385	视频在线观看	6
46373	 大发快三是	6
8656	 重庆时时彩	6
98909	 彩神争霸的	6
86301	视频免费观看	6
86435	《凤凰大参考	6
98829	"。...

"	6
157965	 亚历山大发	6
186863	手机在线观看	6
186328	"。




"	6
184694	久久综合久久	6
95376	视频在线播放	6
122693	 北京赛车的	6
186005	网站免费观看	6
95335	一级特黄大片	6
180574	免费人成视频	6
180660	中文字幕在线	6
107781	在线观看视频	6
175645	中文字幕无码	6
92481	 菲律宾申博	6
136710	免费观看视频	6
196877	 人人中彩票	6
198332	在线精品视频	6
177689	免费在线观看	6
170040	 香港赛马会	6
196834	黄色录像影片	6
132560	久久国产视频	6
199166	娱乐平台开户	6
117836	免费资料大全	6
199143	彩票娱乐注册	6
121795	 国产成人	5
171886	 大发扑克	5
72587	 大发官网	5
158785	 欧美日韩	5
69642	凤凰大参考	5
22733	】【，】【	5
198524	 亚洲日韩	5
124945	娱乐总代理	5
124870	大奖彩票站	5
185577	 极速赛车	5
145556	 久久精品	5
191658	 更新时间	5
87742	时时彩开奖	5
104658	 时时彩后	5
166260	 大发游戏	5
185946	波多野结衣	5
121138	“一带一路	5
130531	，同比增长	5
87897	期开奖结果	5
120958	手机版下载	5
192700	 大发棋牌	5
53332	 国产精品	5
139701	 亚洲精品	5
147875	"。。。

"	5
115939	 在线观看	5
148077	 奇米影视	5
116935	＿奇米影视	5
173028	这里只精品	5
177530	人人摸人人	5
190126	 电子游戏	5
63881	片在线观看	5
143198	是真的假的	5
91442	 亚洲欧美	5
117448	热在线精品	5
159878	 苹果手机	5
123536	是正规的吗	5
167732	在线大香蕉	5
197770	热久久精品	5
179951	微信公众号	5
86588	是什么意思	5
143977	 精品国产	5
31034	 大发彩票	5
175988	手机版官网	5
103643	男人的天堂	5
180538	人人爽人人	5
124247	久久久久久	5
96061	客户端下载	5
177625	久久综合网	5
189234	时时彩计划	5
197428	 威尼斯人	5
189252	是合法的吗	5
189302	片在线播放	5
54007	大发时时彩	5
129339	（责任编辑	5
58669	"。



"	5
169449	 重庆时时	5
95221	 发布时间	5
120036	 大发极速	5
87174	 香港马会	5
6786	 大发快三	5
192014	_中文字幕	5
193605	解绑银行卡	5
164084	 老时时彩	5
131402	手机客户端	5
161748	 手机上的	5
150804	人民共和国	5
194996	网址是多少	5
51430	 中文字幕	5
133011	￣奇米影视	5
183511	 大发娱乐	5
149158	的棋牌游戏	5
119342	大香蕉伊人	5
183553	 丁香五月	5
138709	,中文字幕	5
167632	 手机看片	5
116320	 亚洲国产	5
139007	 亚洲人成	5
114062	时时彩官网	5
167519	服务热线	4
97826	 大乐透	4
112874	联系我们	4
185659	变态另类	4
45709	注册链接	4
55204	国产精品	4
45202	"”。

"	4
182455	 万家乐	4
102647	五月丁香	4
157521	在线试听	4
160108	网址大全	4
153964	的邀请码	4
185880	成人视频	4
61647	开奖号码	4
198442	 久久热	4
132318	人工计划	4
174131	＿久久爱	4
69216	体育投注	4
77376	"%。

"	4
127294	中文无码	4
185998	日韩欧美	4
76304	中奖彩票	4
172903	中国特色	4
141959	平特一肖	4
174916	娱乐网站	4
124159	" 。

"	4
26447	官方网站	4
97728	 青青草	4
111701	娱乐登录	4
61762	在线精品	4
199612	经典三级	4
39213	娱乐注册	4
128117	一肖中特	4
19903	开奖结果	4
167426	手游官网	4
113672	怎么领取	4
128187	更新时间	4
167149	"…。

"	4
137324	官网娱乐	4
199760	微软雅黑	4
86181	国际娱乐	4
129529	历山大发	4
82385	无码专区	4
132412	无码视频	4
187791	超碰在线	4
58610	视频免费	4
154098	 青青青	4
138160	威尼斯人	4
82873	一级特黄	4
45887	精品国产	4
182300	丁香五月	4
45029	注册地址	4
182267	青青草原	4
186726	地产官网	4
45963	视频在线	4
142529	 亚洲色	4
156951	体育官网	4
186831	娱乐登陆	4
142555	个百分点	4
107747	五月婷婷	4
109796	日韩在线	4
123788	亚洲综合	4
142755	在线不卡	4
107815	早餐加盟	4
77283	久久精品	4
141295	无码高清	4
116961	视频精品	4
96719	 手机上	4
198760	"）


"	4
139796	在线计划	4
139863	综合久久	4
184345	手机下载	4
136572	手机看片	4
112116	香港马会	4
24199	在线播放	4
157467	精准计划	4
126169	免费网站	4
199070	官网登录	4
173330	 曾道人	4
126123	 太阳城	4
181090	是真的么	4
175294	伦理电影	4
42999	开户链接	4
98760	官网下载	4
97399	怎么领奖	4
183842	在哪里买	4
165531	_久久爱	4
97379	 老司机	4
183705	图片大全	4
112589	 为什么	4
183960	游戏下载	4
112400	亚洲欧美	4
198872	免费无码	4
43482	注册网址	4
75194	无码不卡	4
24383	一区二区	4
183621	"。
//"	4
75122	在线影院	4
139691	开户注册	4
163480	微信零钱	4
4046	�京赛车	4
81406	娱乐主管	4
101877	 大发云	4
25735	"。”

"	4
81699	购彩官网	4
116964	婷婷五月	4
112057	娱乐国际	4
169165	亚洲国产	4
185282	微信提现	4
59118	久久综合	4
140314	娱乐赚钱	4
165423	_人人碰	4
173782	仕事内容	4
132299	A级毛片	4
139104	娱乐下载	4
42145	开户网址	4
173889	网页登录	4
182966	人民日报	4
90716	实名认证	4
198627	欧美日韩	4
84785	大小单双	4
44319	开户地址	4
98600	手机在线	4
184597	高清在线	4
58789	 一本道	4
114834	娱乐网址	4
35620	 大发快	4
103083	久久免费	4
180717	 一分彩	4
75738	大神推荐	4
198590	不卡无码	4
113480	官网开户	4
184747	永久免费	4
184805	色综合网	4
140248	")。

"	4
101747	 双色球	4
188188	 发表于	4
90337	大发官网	4
72066	这里只有	4
167521	公开视频	4
148081	了一等奖	4
51174	发布时间	4
193404	综合在线	4
99862	＿老司机	4
72067	"）。

"	4
193746	中了大奖	4
34601	是真的吗	4
154546	成人电影	4
64636	与你同行	4
160030	专题推荐	4
133333	是多少钱	4
148443	另一方面	4
148516	联系电话	4
88614	男人天堂	4
119963	什么意思	4
193298	东方心经	4
158457	与此同时	4
60858	 大香蕉	4
88375	软件下载	4
134175	是真是假	4
134111	友情链接	4
154891	投注技巧	4
121037	 久久爱	4
104736	 手机版	4
64339	资料大全	4
113797	彩票网站	4
49762	游戏官网	4
147243	"。"",
"	4
147298	大香蕉网	4
120823	 百家乐	4
192795	红黑大战	4
133630	集团官网	4
166311	先锋影音	4
159524	线上娱乐	4
169285	老时时彩	4
149001	骗人的吗	4
176219	现场直播	4
52204	久久久久	4
105442	_一本道	4
196577	 痞客邦	4
89019	娱乐总代	4
9499	在线观看	4
133079	预测软件	4
65017	娱乐开户	4
113938	 白小姐	4
119170	视频网站	4
149095	相关阅读	4
78698	开奖直播	4
119022	早点加盟	4
178107	手机官网	4
151094	亚洲日韩	4
196300	,久久热	4
34360	"。。

"	4
57260	开号地址	4
195391	发布日期	4
107218	备用网址	4
149794	在线国产	4
99958	亚洲精品	4
100760	电子游戏	4
110595	一级毛片	4
195085	还是假的	4
131711	在线电影	4
119789	在线看片	4
51583	奇米影视	4
195170	猜你喜欢	4
151785	＿俺去也	4
166427	国际彩票	4
110072	亚洲视频	4
92134	娱乐开号	4
149462	国产综合	4
164802	骗局揭秘	4
93151	久久国产	4
79871	娱乐直属	4
15120	中文字幕	4
107906	国产自拍	4
191745	黄色录像	4
80938	开奖现场	4
179843	助赢软件	4
158559	中文日韩	4
95350	 投稿日	4
145059	数据显示	4
143783	 亚洲成	4
177766	查看更多	4
58033	 菲律宾	4
172676	联系客服	4
197232	"》。

"	4
190203	无码亚洲	4
145507	免费资料	4
190316	大小规律	4
129897	偷拍视频	4
53747	开号链接	4
113720	 一级a	4
134981	 五月天	4
135022	体育在线	4
63839	客服电话	4
54191	责任编辑	4
77712	正规的吗	4
189291	"。）

"	4
17728	在线视频	4
17740	 时时彩	4
113702	电影网站	4
63853	开奖记录	4
54400	娱乐官网	4
31281	"。


"	4
179694	电话号码	4
34844	精品视频	4
47655	计划软件	4
68796	游戏平台	4
144147	官方网址	4
188700	大香线蕉	4
86518	真的假的	4
172218	,大香蕉	4
15892	大发快三	4
143283	 老虎机	4
94795	,一本道	4
179318	 铁血网	4
69462	娱乐招商	4
53596	开号网址	4
143138	监听页面	4
153081	视频大全	4
158633	中心官网	4
159880	"。',
"	4
191083	 澳门新	4
122067	客服联系	4
19391	免费视频	4
162517	发表评论	4
40305	在哪里	3
159876	。如果	3
177028	伦理片	3
108009	数据库	3
114352	 七星	3
107924	跑狗图	3
174667	，然后	3
77574	俺去也	3
160032	 银座	3
129629	久在线	3
39050	综合网	3
177005	 聚缘	3
37090	 中国	3
76891	微信群	3
156669	转载请	3
156253	 亿贝	3
101713	 怎样	3
100560	人人摸	3
129346	 一本	3
128727	动态图	3
165004	 中天	3
168796	 钱柜	3
175000	忘初心	3
165166	的重要	3
130810	 输入	3
78307	亿美元	3
39083	"；

"	3
36043	客户端	3
168698	中央値	3
164852	 经纬	3
177085	养老金	3
176738	给主人	3
68576	，中国	3
131893	 电竞	3
130121	。所以	3
130132	 乐盈	3
101261	日下午	3
130483	东京热	3
176230	投稿日	3
78196	级毛片	3
156438	“中国	3
168541	 乐友	3
39953	靠谱吗	3
131944	-亚洲	3
68867	蜘蛛词	3
78023	￣奇米	3
78693	注册送	3
39865	为什么	3
168780	 鸿丰	3
100295	日上午	3
100963	，目前	3
168612	，以及	3
130058	 一号	3
77292	三级片	3
77036	银行卡	3
78081	,欧美	3
68820	电影网	3
130941	娱乐网	3
101358	，但是	3
107958	：中国	3
101180	的视频	3
74034	 时间	3
40399	"，

"	3
120838	，包括	3
57786	太阳城	3
120517	 奇米	3
105173	现金网	3
50705	 无码	3
120449	哪个好	3
120329	人人碰	3
72178	资源站	3
171203	 国家	3
71937	 如何	3
51431	_日本	3
105205	，北京	3
119662	真的吗	3
119601	官网群	3
51678	 亚游	3
105274	】【：	3
52066	,亚洲	3
171124	 易乐	3
50182	怎么办	3
107505	久久热	3
128566	，美国	3
120866	 大圣	3
121929	扫一扫	3
121899	 电话	3
115845	 好运	3
121745	铁算盘	3
121744	，同时	3
48848	电脑版	3
104656	_超碰	3
72490	，其中	3
121198	玄机图	3
49198	是真的	3
121107	是不是	3
171554	 马会	3
49404	 人人	3
121020	 编辑	3
49686	色综合	3
107670	近年来	3
120917	委员会	3
158188	 破解	3
52233	是多少	3
119069	-首页	3
171084	 贝博	3
166583	 帝苑	3
159164	骗局吗	3
170127	-国产	3
117225	 首页	3
170076	年以上	3
170029	直营网	3
159133	真实性	3
106919	 日期	3
117167	，因此	3
117137	日报道	3
117073	 财富	3
169864	 内容	3
116976	 博金	3
158626	 丰满	3
116867	 大唐	3
169510	的发展	3
116822	 足球	3
54029	公众号	3
70754	的彩票	3
106079	大乐透	3
169319	这样的	3
57527	 网易	3
116142	的位置	3
57436	 精品	3
69622	凤凰大	3
158290	菲律宾	3
166497	靠谱不	3
57142	 获取	3
118107	 深圳	3
53660	中大奖	3
116430	 体育	3
117982	联系人	3
117937	国务院	3
105978	 视频	3
170534	的信息	3
53424	老虎机	3
117849	 图片	3
115703	 发布	3
172228	 圣亚	3
172249	投注站	3
74310	 点击	3
126613	 查看	3
126387	：</	3
103276	 删除	3
43374	久久爱	3
43581	 来源	3
74963	"。
"	3
125924	图片区	3
115040	。但是	3
115063	 久草	3
103387	，可以	3
74711	 综合	3
125176	 查询	3
44558	 日韩	3
44612	提现吗	3
44620	怎么领	3
58692	 凤凰	3
173070	 博凯	3
173560	免费线	3
75410	 人妻	3
173590	_伊人	3
154191	(税込	3
128364	 网站	3
102436	赛马会	3
114472	 修改	3
174285	 默认	3
127822	这里只	3
76531	 娱乐	3
69072	，我们	3
59209	”、“	3
165508	 第一	3
69142	￣亚洲	3
173997	 诺果	3
76154	 伊人	3
102981	，所以	3
165401	 博众	3
103042	 男女	3
166790	官网吗	3
115168	。其中	3
166035	，希望	3
166183	前年比	3
124210	 千禧	3
104297	 华人	3
172567	注册码	3
122936	 永利	3
122917	王中王	3
73355	怎么买	3
47727	 极速	3
172449	 当前	3
115501	 欧洲	3
104367	服务器	3
104466	验证码	3
159669	 谁有	3
47977	娱乐城	3
69477	》、《	3
115682	机动车	3
58116	 苹果	3
122260	办公室	3
122138	 优博	3
47420	可靠吗	3
172615	 龙头	3
58312	老司机	3
172754	 必胜	3
45685	五月天	3
123972	。然而	3
132141	打不开	3
172849	 荣富	3
103682	。。。	3
159780	 奥门	3
123560	乱子伦	3
73885	 更新	3
123052	 澳洲	3
73788	 设置	3
123307	（记者	3
172724	《中国	3
46675	大发快	3
172682	_在线	3
123297	钱怎么	3
123268	 另类	3
177322	中奖了	3
178417	骗人的	3
156213	大发电	3
146038	在人线	3
15154	 微信	3
191739	 今日	3
110991	肖中特	3
64292	互联网	3
191630	。例如	3
191549	 乐亚	3
191439	 人気	3
191263	，谢谢	3
146069	 大丰	3
145976	。”“	3
191787	，加强	3
145914	 关于	3
191163	 判断	3
190882	开奖号	3
162529	 广发	3
190819	，非常	3
190330	最大的	3
145426	（税込	3
145424	 无极	3
189936	开什么	3
146277	违法吗	3
146340	 东森	3
186347	 凯美	3
14110	"）

"	3
154745	 回复	3
160591	 注意	3
192789	中文字	3
147171	资源网	3
154864	 博猫	3
110882	体验金	3
147082	 游戏	3
192465	 黄金	3
192452	色视频	3
147033	大奖吗	3
162378	 大洋	3
192251	 亚美	3
192090	 帝景	3
192054	一本到	3
146795	，那么	3
146556	人人澡	3
94605	关键词	3
14676	 国产	3
191801	期资料	3
146387	 我的	3
145267	第一页	3
189747	年以来	3
189620	，根据	3
187391	不卡的	3
143195	机官网	3
19213	 手机	3
86215	大发展	3
187809	 广西	3
143041	真实吗	3
86040	。同时	3
159071	靠谱么	3
155068	,超碰	3
167965	 开心	3
187374	 乐多	3
189599	俺也去	3
187370	 网赌	3
85671	_国产	3
187304	，现在	3
177335	正规的	3
142748	 参数	3
142629	发展的	3
142281	 环亚	3
142200	 国际	3
142151	 欧亿	3
187830	 大鱼	3
143311	"）。
"	3
86532	久久久	3
63785	,国产	3
64112	,久久	3
86899	，同比	3
17428	 日本	3
144536	在线a	3
189199	 收藏	3
144437	＿久久	3
144316	，这是	3
189103	朋友圈	3
188973	许可证	3
188889	�客邦	3
188850	 优宝	3
188686	就是说	3
86780	的天堂	3
143936	负责人	3
143821	手机号	3
188414	老熟妇	3
143579	 类型	3
188334	 宝马	3
18671	 欧美	3
160597	 乐天	3
66911	 阅读	3
147979	的方法	3
197176	 万利	3
161695	＿欧美	3
197737	曾道人	3
153044	、中国	3
197392	 企业	3
197337	 页面	3
153010	 百乐	3
152983	。今年	3
197279	，例如	3
90119	 浏览	3
152615	报道称	3
196720	 黑人	3
152463	，实现	3
152278	人民网	3
90041	黑平台	3
196910	 举报	3
196890	 大金	3
152184	请选择	3
152171	 百汇	3
161303	中文版	3
196764	，需要	3
197755	越来越	3
109884	、】【	3
197842	，全国	3
197980	 众鑫	3
66467	_亚洲	3
1497	"。

"	3
154297	 银航	3
2314	中彩票	3
154371	，而且	3
109577	 是否	3
198711	据了解	3
153603	 黄色	3
161467	电影院	3
91179	，如果	3
153477	，日本	3
198478	 恒一	3
153461	"：""+"	3
3606	 大发	3
198387	、安全	3
3634	时时彩	3
91661	 评论	3
198183	 满堂	3
153078	电视剧	3
65905	娱乐场	3
151888	 根据	3
193128	”活动	3
109277	。目前	3
149390	 美国	3
195219	,伊人	3
88695	 联系	3
149221	成年人	3
93503	请输入	3
148907	一分彩	3
148811	 服务	3
194388	党中央	3
93855	线观看	3
93951	的网站	3
110273	 丁香	3
167885	总书记	3
154558	被冻结	3
148131	过程中	3
162020	怎么算	3
193311	 早餐	3
193293	 一个	3
12555	 亚洲	3
193241	 标签	3
12617	"：

"	3
88920	俄罗斯	3
64800	 一级	3
195305	的天天	3
195355	 皇轩	3
151451	，比如	3
65438	 韩国	3
160933	房地产	3
196103	 爱赢	3
196092	 湖北	3
110382	 汇丰	3
150851	 易购	3
196007	 万亚	3
150844	的网址	3
150787	 登录	3
167319	亚洲区	3
92869	新闻网	3
154515	 请求	3
92999	带一路	3
195696	，不过	3
167775	 久赢	3
195557	，一个	3
195521	 邦尼	3
88983	身份证	3
186391	 菲龙	3
187167	 韦伯	3
85338	＿亚洲	3
135372	 欢乐	3
180497	。截至	3
160208	共产党	3
155938	 体彩	3
155979	赛车场	3
164266	中特网	3
30634	 在线	3
135635	 万国	3
164273	 帝一	3
108107	博娱乐	3
98985	 广东	3
179400	 红鼎	3
135207	 星际	3
179796	。当然	3
179782	%左右	3
160193	万美元	3
81016	 东方	3
80985	一等奖	3
179484	，还有	3
61267	"。”
"	3
179470	在那里	3
136215	，截至	3
136256	 万博	3
155930	我们的	3
180699	 银雀	3
164007	 东京	3
82346	 国内	3
113274	 环球	3
113319	 更多	3
61686	百家乐	3
136979	黄网站	3
136963	 菲娱	3
181424	／久久	3
98566	发表于	3
136876	，通过	3
160250	 乐购	3
181250	 印尼	3
98617	人人爽	3
181124	，对于	3
29384	双色球	3
56167	青青草	3
136510	。另外	3
136508	 时时	3
81457	人民币	3
134677	，没有	3
179324	哪里的	3
98174	一级a	3
34633	怎么样	3
164805	副书记	3
108013	 盛大	3
34355	"、

"	3
178167	 赌博	3
100021	 少妇	3
132892	 日博	3
178035	中新网	3
178006	 传真	3
132821	开奖吗	3
164812	 三国	3
80842	 超碰	3
132647	 银河	3
79263	无遮挡	3
100024	计划网	3
177691	 吉林	3
35075	在线看	3
79194	 女人	3
177476	，也是	3
132244	黑大战	3
156175	炸金花	3
178220	 一诺	3
178225	 全国	3
133056	，因为	3
178380	报记者	3
99512	进一步	3
134453	机器人	3
156107	，坚持	3
168339	 久游	3
99534	 拉菲	3
134275	 诺亚	3
80387	 注册	3
108095	 真人	3
134036	：首页	3
133977	 产品	3
178810	 乐丰	3
80237	完整版	3
80226	 创建	3
60959	,日本	3
133689	 下一	3
133609	 博悦	3
164646	 博乐	3
178399	”，“	3
133329	的时候	3
181632	的软件	3
137014	 输出	3
69934	网页版	3
25205	 腾讯	3
112292	赚钱吗	3
84208	。此外	3
108558	人人看	3
183851	的数据	3
139057	。不过	3
163350	 大连	3
183605	狠狠爱	3
108302	，今年	3
183391	，公司	3
21771	 久久	3
139050	此同时	3
83711	 中文	3
138994	 华夏	3
141197	 无限	3
97434	 鸿运	3
83505	。因此	3
168075	，就是	3
183126	日消息	3
139556	百分点	3
168095	派奖中	3
184242	 官网	3
185485	俺去啦	3
185174	 聚利	3
140581	，他们	3
96565	。</	3
22462	 江苏	3
140232	 万盛	3
22810	邀请码	3
184674	码中特	3
84753	_欧美	3
184585	实际上	3
140157	的问题	3
96593	计划群	3
62863	 网上	3
140087	一分钟	3
23358	走势图	3
22062	】【，	3
96635	尼斯人	3
163496	的平台	3
155334	 宝盈	3
155513	打一肖	3
183019	彩在线	3
155876	 软件	3
97832	＿日本	3
182533	《关于	3
164000	，提高	3
182398	 亿博	3
82844	_人人	3
138005	亚洲色	3
113014	人人操	3
82797	_久久	3
181892	。那么	3
26618	手机版	3
27392	大香蕉	3
96195	山大发	3
141526	消费者	3
181889	,在线	3
181807	 华都	3
85278	苹果版	3
113216	 网络	3
186235	＿国产	3
138892	处理中	3
67477	 男人	3
159126	 财神	3
138398	-日本	3
25831	 澳门	3
108516	青青青	3
155664	 伟德	3
159113	 赛车	3
108502	 数据	3
182856	一级片	3
25923	是什么	3
138595	手续费	3
185638	 属性	3
138534	免费的	3
26012	一本道	3
97715	。，。	3
138407	 河内	3
182619	，否则	3
185856	饰官网	3
138402	黄大仙	3
141082	热视频	3
159055	医保	2
109576	这种	2
108991	人体	2
108794	新的	2
107880	 专	2
109093	找到	2
108159	，很	2
109105	教师	2
108329	语言	2
107867	也是	2
108852	允许	2
109310	。而	2
107428	》。	2
108194	，由	2
108479	规模	2
109400	发行	2
106990	严重	2
109423	现代	2
107189	宁市	2
107149	。一	2
108544	%、	2
108562	 荣	2
109525	 印	2
107135	商业	2
107043	颜色	2
109471	每天	2
101839	账户	2
106803	青年	2
97339	 兴	2
97006	谢谢	2
96990	 对	2
160511	员工	2
96849	机器	2
160534	已有	2
96681	十一	2
96611	 求	2
96353	办法	2
96332	点评	2
96207	 打	2
96205	属性	2
96198	，让	2
96010	推动	2
96007	空间	2
95957	达到	2
95800	数组	2
95725	之间	2
97118	马报	2
97575	 登	2
95560	收入	2
97644	战略	2
98865	看的	2
98849	黑人	2
98826	角色	2
98820	区域	2
98507	评价	2
98415	停售	2
98314	 丁	2
98219	 谁	2
98210	丰满	2
98165	持续	2
160323	运输	2
98122	，自	2
98015	一天	2
98003	讨论	2
97950	晚上	2
97794	》的	2
97667	一下	2
95646	深圳	2
95510	央视	2
99261	大的	2
92565	一定	2
160861	突破	2
92291	游戲	2
161151	机会	2
161233	 简	2
92149	算法	2
92106	结构	2
92063	、新	2
92035	年前	2
161339	大量	2
91812	广东	2
91550	%；	2
91304	那个	2
91232	热门	2
91184	月份	2
161431	伯温	2
90974	审核	2
90863	中过	2
92437	实际	2
92619	挂机	2
95483	配置	2
160846	深爱	2
95445	 波	2
95364	频道	2
94737	 贵	2
94703	辅助	2
94656	 阳	2
94421	中王	2
94420	一起	2
94391	落实	2
94148	帮助	2
94047	附件	2
93910	，”	2
93865	联合	2
93615	－－	2
93586	 编	2
93362	长龙	2
93118	艺术	2
160834	产生	2
98977	 游	2
99412	，只	2
106784	 铁	2
159470	短信	2
105128	一样	2
104990	这一	2
159560	传媒	2
104810	 页	2
104596	算盘	2
104585	那里	2
104556	安县	2
104540	面积	2
104512	判断	2
104511	预计	2
104315	，无	2
104292	随机	2
104173	 单	2
104143	人才	2
104020	，当	2
103768	黄金	2
103654	 花	2
105181	，要	2
105431	 湖	2
103507	 伟	2
105449	音乐	2
106741	图区	2
106652	 普	2
106627	输出	2
106487	运动	2
106102	课程	2
106007	路径	2
105973	喷水	2
105922	监督	2
105917	写真	2
105829	过去	2
105793	，还	2
105736	极品	2
105572	国语	2
105562	简单	2
105550	阿v	2
105539	英国	2
159256	 功	2
103511	体系	2
159818	 顺	2
99432	前年	2
101966	运行	2
101621	兑换	2
101498	大仙	2
101227	九九	2
101100	检查	2
100994	。.	2
100909	城县	2
100872	移动	2
100786	%的	2
100714	里的	2
100604	对于	2
100165	监听	2
100018	核心	2
99825	 连	2
99786	截图	2
99587	是假	2
99535	百万	2
99531	调整	2
101921	，中	2
101991	目的	2
103425	，与	2
102105	传真	2
103392	职业	2
159834	未经	2
103350	日前	2
103294	经理	2
103234	、中	2
103063	东京	2
102997	友情	2
102881	赢家	2
102871	积极	2
102828	哥哥	2
102810	群众	2
102619	注销	2
102487	每日	2
102465	教学	2
102287	画像	2
102203	选号	2
102135	来的	2
158877	扒开	2
124696	 那	2
109612	随着	2
138209	实践	2
138177	 配	2
138086	。\	2
138035	一句	2
137971	职位	2
155777	 陈	2
137795	其它	2
137788	宝典	2
137751	 已	2
137668	精选	2
137568	人与	2
155896	河县	2
137380	，小	2
137357	亚游	2
137350	，于	2
137292	胆码	2
137290	容易	2
155918	资格	2
137048	料金	2
136971	礼包	2
136930	 微	2
136903	长度	2
136868	死人	2
136818	 钱	2
136801	 搜	2
136792	 飞	2
138203	人口	2
138238	年轻	2
136529	趋势	2
138310	 灵	2
140155	千万	2
140148	。我	2
140117	评分	2
140086	人生	2
139905	、自	2
139890	万吨	2
155456	，又	2
139738	！，	2
139710	各种	2
139524	类别	2
139512	几年	2
139501	 吴	2
139329	，新	2
139270	日讯	2
139252	，占	2
139150	 木	2
139071	变化	2
139008	自在	2
138980	 客	2
138961	男性	2
138706	竞争	2
138611	环保	2
155758	，都	2
138479	漂亮	2
138379	诚信	2
136571	结合	2
136501	报价	2
131482	久热	2
133612	连续	2
156108	延期	2
133365	购物	2
133226	意识	2
133165	 将	2
133116	 圣	2
133046	，各	2
132952	 温	2
132922	监管	2
132918	收费	2
132686	。从	2
132567	 赢	2
132426	广州	2
132410	违规	2
132292	龙江	2
132129	，[	2
132124	 防	2
132082	“大	2
132027	设施	2
131989	”（	2
131911	。、	2
131890	集中	2
131882	 松	2
131796	总部	2
131697	军事	2
131590	这么	2
133410	实力	2
133711	（土	2
136463	追加	2
133748	会上	2
136419	复式	2
136214	博客	2
136068	打造	2
135853	停车	2
135673	身体	2
156024	东西	2
135408	，被	2
135398	这是	2
135373	”为	2
135272	又黄	2
135092	 从	2
135085	达人	2
134979	当地	2
156088	现实	2
134897	农业	2
134730	到底	2
134712	阶段	2
134637	的大	2
134625	女孩	2
134374	中新	2
134297	无线	2
134199	导致	2
134119	备注	2
133822	 转	2
133796	。但	2
140171	案件	2
140194	隐藏	2
140461	 动	2
151234	担当	2
151151	哈尔	2
154503	 模	2
150991	优化	2
150847	 盐	2
150705	感谢	2
150596	马上	2
150437	 凤	2
150341	实时	2
150090	模拟	2
150041	左旗	2
150025	大师	2
149866	除了	2
149569	贯彻	2
149558	）；	2
149539	发挥	2
149286	确保	2
149252	过滤	2
149217	 延	2
149189	救世	2
148593	严格	2
148483	很好	2
148437	 春	2
148391	白浆	2
148374	金币	2
148313	战争	2
151201	，把	2
154439	德国	2
140773	开的	2
151461	丰富	2
154140	面的	2
153851	 默	2
153842	，比	2
153622	乐城	2
153587	 景	2
153574	一年	2
153341	（）	2
153260	竞技	2
153251	青春	2
153210	》中	2
153162	、本	2
153159	观察	2
154409	武汉	2
153074	总站	2
153059	…。	2
152889	 很	2
152874	’，	2
152266	誘惑	2
152124	 辽	2
151953	五码	2
151894	学历	2
151733	邮件	2
151667	动物	2
151506	增强	2
151479	、小	2
148155	航空	2
154666	水县	2
147990	，好	2
147900	组合	2
143493	商务	2
143439	岗位	2
143381	类似	2
143296	毕业	2
143251	营业	2
155010	杀码	2
143098	条例	2
143056	报名	2
143004	章节	2
155035	大众	2
142987	 怀	2
142960	那些	2
142838	党员	2
142767	财神	2
142275	研发	2
142130	资产	2
141925	 门	2
141583	年底	2
141551	护士	2
141471	纪律	2
141467	交换	2
155269	 消	2
141423	挣钱	2
141259	签到	2
141097	滚球	2
143670	觉得	2
143920	定胆	2
144086	意义	2
146118	经历	2
147851	截止	2
147655	为了	2
147282	 铜	2
147084	盘口	2
147074	。不	2
146615	飞机	2
146545	动画	2
146467	，多	2
146365	，相	2
146251	热点	2
146203	 发	2
154907	动作	2
144093	 腾	2
145553	 总	2
154915	录像	2
145529	纪委	2
145393	 贝	2
145150	丁目	2
145091	一点	2
145007	举办	2
144817	试听	2
144765	赌球	2
144748	(图	2
144305	办理	2
131483	随后	2
156420	对应	2
109649	助赢	2
158399	匿名	2
117797	配送	2
117774	打印	2
117762	 两	2
117753	强调	2
117703	农村	2
117666	年代	2
117456	优势	2
117401	，那	2
158565	出的	2
117215	比较	2
117178	的小	2
116863	住所	2
116789	其实	2
116602	 会	2
116562	年龄	2
116462	进口	2
116446	 个	2
116439	，她	2
116373	导演	2
116302	报码	2
116276	确认	2
158634	、电	2
116050	，该	2
115995	另一	2
115889	 标	2
158460	病毒	2
118053	编码	2
115552	经过	2
118099	一扫	2
120717	大利	2
120579	，全	2
158127	创造	2
120077	、市	2
120041	效果	2
120008	任选	2
119985	大会	2
119962	保证	2
119958	登録	2
119893	之一	2
119750	动力	2
158165	点赞	2
119339	就业	2
119314	年第	2
158226	 找	2
118981	应该	2
158271	人在	2
118753	概率	2
118496	字号	2
118474	绿色	2
118431	大香	2
118378	好爽	2
118276	 为	2
158376	双方	2
158377	兑现	2
115884	。[	2
115465	决定	2
131153	权限	2
112720	简称	2
112574	人数	2
112451	了吗	2
158669	。当	2
158675	、美	2
111941	卫生	2
111782	考试	2
111780	国务	2
111360	直营	2
111308	实体	2
111102	变态	2
158809	 苏	2
110781	机制	2
110753	规范	2
110605	人士	2
110581	暂停	2
110517	观点	2
110447	价值	2
110397	六月	2
110195	”、	2
158812	，同	2
109874	养老	2
109846	，更	2
109810	日起	2
109720	是谁	2
109696	一覧	2
112643	我国	2
112754	节目	2
115422	举行	2
112757	 收	2
115275	胆拖	2
115080	对此	2
114606	财经	2
114605	，即	2
114578	一些	2
114557	检测	2
114544	大陆	2
114402	一期	2
114353	：《	2
114350	供应	2
114306	好友	2
114249	节点	2
114204	排名	2
114082	告诉	2
114035	 热	2
113889	无限	2
113860	，则	2
113839	万辆	2
113788	家的	2
113697	 奥	2
113681	手续	2
113554	报警	2
113233	超级	2
113205	乱子	2
113187	贸易	2
120730	，本	2
120769	，到	2
120862	展开	2
129153	人物	2
129034	环球	2
128932	（二	2
128873	 刘	2
128749	真钱	2
128733	许可	2
128725	 根	2
156954	月底	2
128621	（日	2
128345	今晚	2
128327	日志	2
128245	后的	2
127809	时报	2
127642	财政	2
127614	 火	2
157153	川县	2
127587	调用	2
127574	黑钱	2
127510	心经	2
127473	？，	2
127237	广西	2
127202	 排	2
127201	案例	2
127090	减少	2
157179	爱情	2
127054	费用	2
129108	完全	2
129184	你懂	2
120936	长期	2
129207	，用	2
131031	、水	2
130935	针对	2
130892	的话	2
130788	 条	2
130569	拥有	2
130568	污染	2
130554	，再	2
130474	 梦	2
130436	预算	2
130098	，上	2
156452	 时	2
129903	宝宝	2
129900	在人	2
129784	来看	2
129747	，，	2
156586	还能	2
129734	 满	2
156684	认真	2
156799	贵州	2
129473	吉林	2
129404	资本	2
129364	停止	2
129264	日晚	2
129243	传统	2
156880	的钱	2
127043	 邮	2
126962	求人	2
157299	医学	2
126807	 罗	2
123532	 每	2
123426	导师	2
123349	（一	2
123291	复制	2
123169	一道	2
123002	 汉	2
122958	是一	2
122843	】：	2
122824	几个	2
122736	医生	2
122669	黑彩	2
122660	银河	2
122596	 经	2
122540	 当	2
122493	万能	2
158004	奖励	2
122081	人大	2
121955	积分	2
121881	 镇	2
121803	虽然	2
121699	你的	2
121679	、有	2
121505	，高	2
121474	党委	2
120975	解释	2
123563	大胆	2
123628	车辆	2
123700	协议	2
125592	揭秘	2
157422	效率	2
126774	来了	2
126751	半年	2
126742	宁县	2
126350	，说	2
126312	当天	2
157437	缩水	2
126278	：（	2
126249	，此	2
126233	，加	2
125702	 伊	2
125446	完善	2
157833	论文	2
125439	 完	2
125420	启动	2
125138	创业	2
125130	、不	2
124805	财富	2
90808	大厅	2
124640	 状	2
124527	江县	2
124038	排序	2
123948	，总	2
157780	用于	2
90837	）：	2
165308	是在	2
90735	传奇	2
34838	美国	2
178103	神马	2
178099	内幕	2
178002	月至	2
34611	真人	2
34699	万元	2
177962	给予	2
34842	 青	2
32997	网络	2
177760	实验	2
35050	设置	2
35405	不是	2
35415	单双	2
177519	你好	2
35508	专区	2
34348	。（	2
34293	赚钱	2
178206	、西	2
34118	 菲	2
34109	，但	2
34091	现场	2
178236	强奷	2
178271	 食	2
33731	马会	2
33469	）、	2
33448	责任	2
33427	阅读	2
178581	十大	2
33161	失败	2
33064	，这	2
33040	�除	2
178612	年至	2
35586	可靠	2
177414	中旗	2
35756	类型	2
177000	只是	2
37676	赌博	2
176286	于是	2
176389	我是	2
176564	买马	2
176801	城乡	2
37447	经济	2
37435	》，	2
176852	白菜	2
37339	 永	2
37234	大片	2
176853	陕西	2
37227	这里	2
176944	 兰	2
176954	"。"""	2
177006	批准	2
35782	网页	2
36969	历史	2
36812	，一	2
177029	车型	2
36573	今年	2
36535	技术	2
36362	另类	2
177107	日在	2
177116	店舗	2
177261	讲话	2
177269	岛国	2
36102	 广	2
35992	修改	2
35967	活动	2
177285	老太	2
178639	纪录	2
178717	驾驶	2
37796	中央	2
29648	电脑	2
28927	足球	2
181167	证明	2
181135	涉嫌	2
29436	企业	2
181094	改单	2
29628	客户	2
181024	贡献	2
32961	 华	2
180740	、人	2
29755	记者	2
180702	 举	2
29885	安装	2
180658	装修	2
30045	 亚	2
28917	问题	2
181291	备案	2
181385	整改	2
181398	广大	2
28796	双色	2
28648	人民	2
181428	机场	2
181438	恢复	2
181502	整个	2
28513	 东	2
28407	发展	2
28333	 ，	2
181560	扫码	2
28271	靠谱	2
28217	产品	2
28194	青青	2
28139	%，	2
180648	 调	2
180508	 泛	2
30476	查询	2
31825	来源	2
178809	即时	2
178825	 判	2
32831	编辑	2
178846	、多	2
178951	课堂	2
32539	电�	2
179108	老婆	2
179159	 密	2
32176	苹果	2
179212	策略	2
32162	 百	2
179250	 写	2
32017	�凰	2
179447	组件	2
179489	病例	2
180294	顶部	2
31693	登陆	2
179530	 战	2
31576	人妻	2
179576	源县	2
179672	 与	2
31015	亿元	2
179896	追回	2
180100	登记	2
180221	去哪	2
30676	 老	2
30656	奇米	2
180222	他的	2
30577	骗局	2
180292	串一	2
37792	 来	2
37887	介绍	2
48450	国内	2
45419	个人	2
44710	丁香	2
173111	个位	2
44898	(火	2
173061	别人	2
172966	面对	2
45396	今日	2
45581	 优	2
42905	 的	2
45642	篮球	2
45706	大神	2
45813	人成	2
172895	 野	2
45964	 精	2
172881	人格	2
173146	 权	2
44619	 年	2
173198	他说	2
44388	）。	2
173277	规格	2
173310	突然	2
44005	，请	2
43958	、“	2
43851	是否	2
43802	银行	2
43781	哪个	2
43550	，有	2
43530	价格	2
173434	奶头	2
43123	一肖	2
43065	大学	2
43041	就是	2
45998	，《	2
46055	，以	2
46161	(木	2
172496	扩大	2
48208	 无	2
48205	注意	2
48179	网上	2
172314	坑人	2
48081	 男	2
48069	 久	2
172324	，下	2
47993	增长	2
47959	发表	2
47873	 白	2
172352	，道	2
47768	情况	2
47758	不中	2
47708	 黄	2
47568	 九	2
172772	假吗	2
47453	 千	2
90734	机关	2
172640	 风	2
47243	人工	2
47110	的是	2
47015	%。	2
46984	 皇	2
46681	 超	2
46551	百度	2
172753	、公	2
46477	消息	2
46437	赌场	2
46367	追号	2
172757	满意	2
173513	牢记	2
173561	终于	2
37981	 七	2
175664	字体	2
175720	 杨	2
39339	 开	2
175682	状態	2
39413	报道	2
175676	厨房	2
39457	其中	2
175437	黄片	2
173676	，看	2
175366	革命	2
175120	组成	2
39813	，并	2
39836	女人	2
175089	 贺	2
175057	变量	2
175748	额度	2
39189	删除	2
39134	中特	2
39089	 极	2
39070	进行	2
39014	全国	2
175947	预约	2
175980	没人	2
176006	无人	2
38730	集团	2
38552	图库	2
38400	 好	2
38332	日期	2
38175	参考	2
176093	后来	2
38118	显示	2
38079	导航	2
174971	违反	2
174882	纽约	2
40193	怎样	2
41559	项目	2
42692	腾讯	2
173727	、省	2
173761	尔沁	2
42547	处理	2
42425	 银	2
42260	现金	2
42069	 龙	2
41893	假的	2
173952	整数	2
174075	搜尋	2
41764	当前	2
174095	一致	2
41713	这个	2
174116	。本	2
41554	送料	2
40390	 易	2
41513	参数	2
174160	，两	2
174228	视觉	2
41312	司机	2
174242	数学	2
40959	电子	2
40914	开始	2
40824	，我	2
40783	查看	2
174482	，据	2
40694	 吉	2
40623	规则	2
174642	依据	2
40483	太阳	2
27782	，不	2
181746	发动	2
27609	”的	2
193317	买法	2
194016	东县	2
193951	东北	2
193775	发财	2
193594	溪县	2
11971	 国	2
193325	铁路	2
193215	中色	2
10121	开户	2
193183	律师	2
12902	。”	2
193071	好了	2
13273	 ：	2
13278	人人	2
193037	 导	2
11571	提现	2
194298	（水	2
11541	时间	2
11520	 大	2
11372	中国	2
194509	释放	2
194604	 卡	2
194656	给吗	2
194696	认可	2
194854	鱼儿	2
195006	 玛	2
195014	右旗	2
195020	来越	2
10667	中文	2
195073	产权	2
10485	手机	2
195161	七码	2
192933	声音	2
13490	：“	2
13619	中奖	2
191755	 请	2
190090	训练	2
190786	售价	2
190828	厂家	2
190836	 于	2
190863	、防	2
16304	 一	2
16185	登录	2
16162	走势	2
16100	链接	2
191237	 医	2
15766	的吗	2
15702	微信	2
191647	视讯	2
191659	梦想	2
14889	国际	2
13758	欧美	2
14830	电影	2
14784	结果	2
14775	开号	2
191899	爱的	2
191939	 摄	2
14534	”，	2
191940	对子	2
191958	演员	2
192322	打一	2
192342	直选	2
192493	说道	2
192581	几十	2
192669	。如	2
192729	，应	2
10150	游戏	2
195240	游客	2
27569	。“	2
197672	丈夫	2
198276	、副	2
198186	总体	2
198038	处分	2
198037	 店	2
197776	装备	2
4974	官网	2
197334	、第	2
195265	红姐	2
197265	来也	2
6199	亚洲	2
197129	容量	2
6305	久久	2
196913	 希	2
196833	 霍	2
3939	视频	2
3845	娱乐	2
3752	赛车	2
3738	争霸	2
198360	）,	2
3569	时时	2
198488	 横	2
3447	在线	2
3414	"。
"	2
198526	认识	2
198736	互动	2
2865	大发	2
199083	，会	2
199095	 扎	2
199113	关联	2
199502	马克	2
199880	年月	2
6769	网站	2
196816	令人	2
6972	开奖	2
9048	日本	2
9941	软件	2
9898	综合	2
195322	性的	2
195372	，美	2
195581	除此	2
195669	中字	2
195682	摄影	2
195750	护理	2
9326	国产	2
195781	六码	2
195877	企鹅	2
195931	昵称	2
196000	收益	2
9070	无码	2
9016	计划	2
196749	一种	2
8994	网址	2
196043	思思	2
196084	实行	2
196090	环亚	2
196180	审批	2
196185	就在	2
196215	 留	2
8085	精品	2
196348	"""，"	2
196445	树林	2
196517	 给	2
196669	收到	2
7525	注册	2
196717	残局	2
189946	先进	2
189815	一家	2
189762	业内	2
184127	总结	2
24135	影视	2
24265	预测	2
184180	寻找	2
184175	（月	2
184157	党组	2
24458	在哪	2
24533	 网	2
17076	投注	2
24608	如何	2
183946	头像	2
183933	进去	2
183747	 抚	2
25104	”。	2
25161	 人	2
184232	模型	2
184249	网赌	2
184286	的不	2
184357	 康	2
184397	狼人	2
23714	没有	2
23573	先锋	2
23342	发布	2
23249	规律	2
184437	 纳	2
23188	客服	2
23123	 乐	2
22912	一个	2
22599	直属	2
184851	人为	2
184957	库存	2
185008	营销	2
25387	男人	2
25403	 中	2
183364	钱包	2
26525	大小	2
181860	歌曲	2
27440	，在	2
181913	女优	2
27316	号码	2
181937	 去	2
182082	映画	2
182099	步骤	2
182393	：(	2
26818	一级	2
182442	区别	2
26655	记录	2
26652	评论	2
182570	想到	2
26596	伊人	2
26461	首页	2
25547	国家	2
26294	 （	2
182605	万个	2
182622	舒服	2
182793	改变	2
25959	总代	2
25925	），	2
25906	超碰	2
182917	整理	2
25847	中心	2
182950	：【	2
25829	破解	2
25631	内容	2
183247	线蕉	2
25590	 万	2
185039	，引	2
185168	坚定	2
22121	资源	2
188633	您好	2
187821	总统	2
19344	"、
"	2
19185	资料	2
19151	五月	2
187861	 铭	2
187946	回来	2
187997	实例	2
188107	考虑	2
188108	品质	2
188128	欢乐	2
188278	协调	2
18623	论坛	2
188355	，却	2
188397	外国	2
188635	客様	2
187817	消防	2
18527	日韩	2
188659	 运	2
188678	处罚	2
18433	"）
"	2
18378	体育	2
17929	，“	2
189173	型号	2
189193	 饰	2
189200	可是	2
189245	。同	2
189305	森林	2
189428	空气	2
189636	 晋	2
189719	响应	2
19393	一区	2
19558	图片	2
185317	子的	2
20861	联系	2
185492	维修	2
185513	争锋	2
21906	六合	2
21825	"：
"	2
185597	 邦	2
21526	电话	2
185979	。）	2
21345	 博	2
21304	邀请	2
21288	是真	2
21233	大全	2
186301	来到	2
186428	一卡	2
186567	歌词	2
186639	搜狐	2
187643	客邦	2
20658	大奖	2
20578	。。	2
186797	专项	2
186822	 房	2
186846	领先	2
186850	幕后	2
186871	，（	2
20164	服务	2
187345	 纬	2
20009	数据	2
187519	缓存	2
187532	老人	2
19800	。，	2
19709	 在	2
172300	、更	2
47300	关注	2
48452	 爱	2
76346	浏览	2
165468	组三	2
165433	宣布	2
165398	路线	2
165388	劳动	2
165383	转换	2
76260	负责	2
76430	阳县	2
76940	牲交	2
76457	早点	2
76500	＿色	2
76555	，大	2
165285	，它	2
165271	日产	2
165246	：[	2
75819	网易	2
75654	，将	2
75549	拿大	2
75271	很多	2
74852	 丰	2
165649	是不	2
74790	去年	2
74730	体现	2
165707	窗口	2
165986	组选	2
74379	。据	2
74361	。【	2
74213	留言	2
74168	投诉	2
74128	来自	2
166052	宝马	2
73973	几点	2
76852	实施	2
165229	讯网	2
79333	 乌	2
78819	解决	2
78555	保护	2
78590	授权	2
78710	都是	2
78736	（笑	2
78751	。这	2
78790	超过	2
78869	运营	2
76974	当然	2
78870	委员	2
79082	万人	2
164869	复杂	2
79138	开展	2
79165	异常	2
164846	博士	2
164983	，人	2
78418	坚持	2
78286	老师	2
78272	回复	2
164993	）》	2
78188	收藏	2
78187	 类	2
78140	还有	2
78039	发生	2
77892	骗人	2
77693	获得	2
77680	资金	2
77629	统一	2
165101	辽宁	2
77071	，就	2
165216	年份	2
76987	 深	2
73925	 清	2
73815	中了	2
73761	 众	2
70759	 图	2
70149	无遮	2
166649	 宣	2
70332	标签	2
70431	。《	2
166521	，仅	2
70727	 宁	2
70810	一次	2
73736	真假	2
70821	医院	2
70892	那么	2
70935	 、	2
70938	领取	2
70939	奖金	2
71134	责编	2
166710	将在	2
48479	计算	2
69796	》《	2
69779	应用	2
69763	近日	2
166719	好运	2
69700	中华	2
69624	"："""	2
69602	 联	2
166762	老妇	2
69518	稳定	2
69455	好的	2
69300	旅游	2
69273	稳赚	2
68956	 内	2
166791	大型	2
68794	功能	2
71215	冻结	2
71324	 数	2
71361	输钱	2
72400	金融	2
73600	输了	2
73384	任务	2
73331	经营	2
73315	税込	2
73118	业务	2
166070	 左	2
73048	学校	2
72849	经典	2
72838	连接	2
166127	 据	2
166187	融资	2
72582	关闭	2
166218	满足	2
72446	产业	2
72377	广告	2
71533	设备	2
72355	信誉	2
72332	 财	2
72264	备用	2
72256	 恒	2
72236	但是	2
71920	编号	2
71881	另外	2
71875	举报	2
71801	截至	2
166431	赛事	2
71603	属于	2
71543	一本	2
71540	体彩	2
71538	希望	2
79241	领奖	2
79456	必中	2
68454	源码	2
87958	剧情	2
87221	 学	2
87375	行为	2
87467	)：	2
162414	 草	2
87836	宣传	2
87938	访问	2
88079	 伯	2
88592	维护	2
88117	医疗	2
162245	降低	2
88175	 双	2
88423	他们	2
88438	 尚	2
88464	推广	2
87189	两个	2
162595	必赢	2
87044	照片	2
86919	阳市	2
162650	开启	2
162737	 思	2
86796	推进	2
86732	，共	2
162781	晒单	2
162792	 属	2
86283	这些	2
86196	来说	2
85907	邮箱	2
85724	网投	2
85593	联盟	2
85400	 ）	2
85387	东方	2
88533	值得	2
88671	打开	2
79631	 输	2
90330	 诺	2
89870	孩子	2
89888	 凯	2
89903	风险	2
89915	默认	2
161732	为何	2
90067	专题	2
90486	微博	2
88692	、高	2
90504	 足	2
161573	强化	2
90630	日至	2
90640	食品	2
161443	）的	2
90717	思想	2
89852	 实	2
89736	排列	2
89696	党的	2
161789	评级	2
89616	选四	2
89597	丝袜	2
89549	，其	2
89497	领域	2
89486	参与	2
89480	选五	2
89469	学院	2
89447	知识	2
161869	 修	2
89158	确定	2
88966	具体	2
88949	男女	2
88724	动车	2
85264	人気	2
163110	包装	2
85183	大战	2
164184	党建	2
81221	内部	2
81246	到账	2
81324	全年	2
81351	增加	2
81407	会社	2
164189	六肖	2
81595	 八	2
163196	去了	2
81647	一直	2
81652	 澳	2
164047	少年	2
81890	办公	2
81982	。：	2
82066	一步	2
81126	调查	2
81117	保险	2
81114	范围	2
164285	后一	2
164305	回应	2
164476	，使	2
80912	。,	2
80629	。他	2
164543	”；	2
80518	继续	2
80265	消费	2
80249	稳赢	2
80131	例如	2
80127	 欢	2
80115	意见	2
80012	数量	2
164803	组六	2
82124	乱码	2
82147	本站	2
82416	一路	2
83785	规划	2
84851	发送	2
84792	，可	2
84634	起来	2
84565	 张	2
84554	 威	2
84437	一般	2
84405	 奇	2
84365	》（	2
163512	。有	2
163585	春节	2
84189	一码	2
84166	￣色	2
83843	为空	2
83802	，每	2
83767	买吗	2
82439	线路	2
163706	 强	2
83338	 买	2
163747	，第	2
163766	 电	2
83136	您的	2
163872	 达	2
83098	开放	2
163923	】，	2
163989	国外	2
82843	测试	2
82715	)。	2
82654	必须	2
82567	罗斯	2
82546	 真	2
68546	参加	2
69989	金额	2
166903	压力	2
55252	组织	2
56460	会员	2
56381	联网	2
56182	 环	2
169516	时期	2
55905	已经	2
55893	 。	2
55888	 注	2
55827	动态	2
55819	，对	2
55756	购买	2
169696	（三	2
169807	对白	2
55456	销售	2
55260	上的	2
55208	咨询	2
169484	由于	2
55182	黄色	2
54913	详情	2
54875	请求	2
54860	进入	2
170233	的新	2
54531	搜索	2
54486	完整	2
54085	账号	2
170377	、生	2
170413	 夏	2
53667	 《	2
53591	存在	2
53480	助手	2
170642	门户	2
169508	城区	2
56865	江苏	2
59561	送钱	2
58226	数字	2
59445	 阿	2
59194	体验	2
59176	了一	2
168871	八码	2
59062	条件	2
168947	缴情	2
58992	竞猜	2
58970	书记	2
58771	线上	2
58682	页面	2
169178	，经	2
58576	人的	2
58516	 帝	2
58385	 投	2
58159	中的	2
56878	俺去	2
169278	 应	2
68430	电视	2
57942	简介	2
57932	认证	2
57858	 长	2
57788	万円	2
57762	 武	2
57642	派奖	2
57488	标题	2
57397	统计	2
57281	实现	2
57233	极速	2
169292	协会	2
56881	时代	2
53254	无法	2
53074	 聚	2
53067	 红	2
49698	密码	2
51242	 韩	2
171298	大道	2
50877	 亿	2
50584	单位	2
50533	兑奖	2
50399	现在	2
171318	红鹰	2
171337	栏目	2
50229	)，	2
171345	 济	2
50077	选择	2
49995	真实	2
49860	律宾	2
49787	，而	2
49510	资讯	2
52974	少妇	2
49424	获取	2
49400	输入	2
171605	微软	2
171705	附近	2
171778	（金	2
171816	监察	2
171820	模块	2
48952	凤凰	2
48899	，他	2
48831	投资	2
48718	，也	2
48679	电竞	2
48670	周年	2
48538	专家	2
51319	。在	2
171189	”：	2
171147	好吗	2
51450	详细	2
52940	，是	2
52906	点击	2
52874	人员	2
170670	销量	2
170842	帐号	2
52810	真的	2
52802	左右	2
170850	整体	2
52770	学生	2
52765	错误	2
170979	独胆	2
171010	 察	2
52571	永久	2
52559	认为	2
171077	感觉	2
52417	设计	2
52385	澳门	2
52199	韩国	2
51995	 更	2
51954	状态	2
51910	 宝	2
51849	版权	2
51746	关系	2
51663	"，
"	2
51607	"；
"	2
51588	专业	2
51566	关于	2
51509	实名	2
171140	九龙	2
59511	 鸿	2
57962	、《	2
59636	说明	2
65297	经验	2
167555	测速	2
66231	未来	2
66136	年度	2
66099	还是	2
167573	中古	2
66051	订单	2
66014	因为	2
66003	机构	2
65988	执行	2
167588	校园	2
65771	转载	2
65661	 是	2
65500	比赛	2
65263	，【	2
63424	质量	2
59695	。(	2
65086	日电	2
64785	日报	2
64720	，你	2
64705	伦理	2
64693	网友	2
64579	的一	2
64550	学习	2
167913	承担	2
64337	个月	2
64115	年的	2
167948	岁的	2
63641	大家	2
66382	 黑	2
66542	影响	2
66566	早餐	2
66605	 午	2
68416	 富	2
68323	身份	2
68319	精神	2
166936	 呼	2
67958	 创	2
167066	套路	2
67790	会议	2
67771	 蓝	2
67738	领导	2
67731	故事	2
67629	作为	2
167157	“双	2
67566	 欧	2
67512	赢钱	2
67463	，如	2
67319	声明	2
67207	 查	2
67174	“一	2
67132	 德	2
67069	欧洲	2
66859	创建	2
66826	赔率	2
167264	住房	2
66757	团队	2
66735	环境	2
66698	这样	2
66633	成年	2
63624	规定	2
65247	报告	2
154157	涉及	2
60484	验证	2
62345	 汇	2
62294	 盛	2
62262	精准	2
61603	 点	2
62163	，从	2
60683	根据	2
62154	开心	2
62115	违法	2
168473	藏宝	2
168131	是哪	2
168194	“两	2
61015	青草	2
61932	我的	2
61889	关键	2
61200	红包	2
61328	过程	2
61382	年来	2
61852	优惠	2
61850	成为	2
61448	与你	2
61459	热线	2
61486	 必	2
61834	 临	2
61826	)、	2
168195	暂无	2
60520	发现	2
60604	对象	2
168589	球队	2
62817	久草	2
168777	线程	2
168074	职责	2
59758	，为	2
63087	媒体	2
168758	 项	2
60189	开发	2
63056	 马	2
59760	手游	2
62855	杀号	2
168079	读取	2
59701	 六	2
62667	贴吧	2
62634	的人	2
62494	创新	2
168043	猜你	2
199594	昼	1
159167	偿	1
171283	灭	1
180133	涵	1
196681	纹	1
154987	帅	1
161550	腰	1
180045	堡	1
182026	尝	1
197329	炉	1
154346	汤	1
197117	卢	1
161380	滋	1
172389	擦	1
166659	佩	1
188782	臭	1
171529	鸣	1
180573	汁	1
161579	弗	1
166750	逻	1
176857	炼	1
158033	踪	1
171242	铜	1
156997	肩	1
179814	轴	1
160612	坝	1
155472	鸭	1
163294	鹏	1
169524	柄	1
174774	绪	1
173674	砂	1
158668	摆	1
157261	蜂	1
174504	瞬	1
193423	谨	1
170380	萌	1
160495	悟	1
163596	贤	1
170295	丸	1
178378	惯	1
155367	慎	1
170123	胶	1
160406	逊	1
192658	旭	1
158712	埃	1
175101	牡	1
179080	倾	1
183374	纲	1
179520	腕	1
186630	芬	1
161989	叔	1
177278	绘	1
179594	欺	1
172935	拨	1
154509	遥	1
189920	锡	1
184398	辖	1
190269	浅	1
163109	跃	1
160192	芽	1
195798	沪	1
159321	泳	1
173148	颗	1
159437	纠	1
173267	凭	1
158857	凉	1
173338	厦	1
182625	寝	1
788	。	1
153658	劲	1
22307	达	1
24558	售	1
24514	盘	1
24475	飞	1
24455	丰	1
24322	杀	1
24314	带	1
24076	每	1
23952	陆	1
23918	端	1
23851	皇	1
23762	密	1
23742	追	1
23724	早	1
23246	配	1
23245	八	1
23128	排	1
23052	深	1
23022	节	1
22911	具	1
22801	模	1
22744	财	1
22481	另	1
22419	医	1
22376	库	1
22326	别	1
24790	击	1
24813	语	1
24952	步	1
25734	效	1
26722	辑	1
26622	谱	1
26452	议	1
26196	获	1
26180	份	1
26103	销	1
26015	脑	1
25971	食	1
25911	宁	1
25896	气	1
25830	变	1
25635	乱	1
24964	盛	1
25620	伦	1
25599	富	1
25503	住	1
25407	确	1
25381	队	1
25362	钟	1
25355	照	1
25200	盟	1
25137	稳	1
25025	质	1
24976	室	1
22322	德	1
22282	几	1
26812	义	1
22274	复	1
20500	备	1
20489	修	1
20463	花	1
20430	师	1
20391	询	1
20328	增	1
20144	锋	1
20121	书	1
20042	转	1
20033	种	1
20026	两	1
19935	连	1
19867	条	1
19838	房	1
19707	伊	1
19703	闻	1
19493	率	1
19491	办	1
19426	处	1
19398	态	1
19394	案	1
19366	战	1
19356	助	1
19110	妇	1
19075	读	1
20549	团	1
20556	邀	1
20571	整	1
21610	航	1
22126	画	1
22120	极	1
22047	验	1
22032	项	1
22007	营	1
21935	环	1
21683	历	1
21659	术	1
21644	试	1
21623	军	1
21622	失	1
21485	尔	1
20659	广	1
21366	竞	1
21305	则	1
21280	火	1
21196	木	1
21112	党	1
21098	风	1
21075	企	1
21039	给	1
21008	并	1
20989	调	1
20805	必	1
26810	张	1
26844	像	1
153638	邪	1
31388	凰	1
33375	波	1
33301	边	1
33031	旅	1
33015	底	1
32962	低	1
32925	核	1
32890	欧	1
32860	构	1
32666	她	1
32590	射	1
32444	写	1
32211	举	1
32185	哥	1
32163	决	1
32063	述	1
31965	留	1
31912	康	1
31904	病	1
31892	词	1
31888	根	1
31803	落	1
31770	略	1
31688	罗	1
31601	村	1
31399	素	1
33403	普	1
33434	绍	1
33706	细	1
34713	印	1
35691	范	1
35646	策	1
35580	故	1
35532	农	1
35469	夏	1
35435	况	1
35336	围	1
35015	良	1
34974	签	1
34921	切	1
34800	派	1
34610	随	1
33729	警	1
34564	景	1
34535	均	1
34520	微	1
34498	剧	1
34432	搜	1
34401	兰	1
34225	谁	1
34213	藏	1
34158	座	1
34025	险	1
33943	找	1
31392	互	1
31151	换	1
26850	让	1
31050	夫	1
29012	满	1
28980	七	1
28901	败	1
28887	错	1
28848	野	1
28808	便	1
28760	习	1
28630	维	1
28555	胆	1
28535	鱼	1
28327	税	1
28080	银	1
27891	简	1
27689	显	1
27561	段	1
27526	约	1
27447	账	1
27381	络	1
27318	职	1
27219	止	1
27041	见	1
26968	声	1
26926	春	1
26876	索	1
26853	停	1
29279	序	1
29506	护	1
29606	额	1
30520	左	1
31044	志	1
30946	纪	1
30896	欢	1
30892	－	1
30880	丁	1
30853	兴	1
30814	田	1
30743	监	1
30718	典	1
30611	望	1
30572	千	1
30451	儿	1
29669	续	1
30406	断	1
30393	晚	1
30360	永	1
30151	岁	1
30086	越	1
29963	该	1
29848	右	1
29809	济	1
29802	防	1
29745	状	1
29725	详	1
19002	责	1
18953	权	1
18895	收	1
6848	万	1
9353	对	1
9268	料	1
9227	内	1
9226	钱	1
9185	规	1
9074	投	1
9038	清	1
8915	关	1
8816	买	1
8593	级	1
8590	学	1
8549	间	1
8546	业	1
8377	动	1
8327	这	1
8300	点	1
8061	好	1
7977	博	1
7910	真	1
7901	资	1
7697	经	1
7137	册	1
7135	数	1
7074	体	1
7073	《	1
9432	报	1
9476	登	1
9486	软	1
10394	请	1
11325	记	1
11320	据	1
11131	群	1
11029	单	1
10946	进	1
10779	过	1
10759	门	1
10679	老	1
10584	页	1
10544	客	1
10487	选	1
10324	论	1
9511	实	1
10204	总	1
10177	录	1
10040	场	1
10013	于	1
9872	；	1
9785	服	1
9783	送	1
9761	结	1
9631	说	1
9544	综	1
9533	戏	1
6876	县	1
6767	游	1
18893	功	1
6727	来	1
3715	频	1
3614	争	1
3603	（	1
3511	赛	1
3507	久	1
3495	）	1
3355	视	1
3221	是	1
3178	车	1
3052	国	1
3044	开	1
2875	乐	1
2855	线	1
2810	年	1
2432	一	1
2233	发	1
2178	在	1
1995	人	1
1829	网	1
1817	：	1
1728	时	1
1640	大	1
1616	的	1
1404	中	1
1395	、	1
3729	娱	1
3985	奖	1
4079	码	1
5803	图	1
6682	计	1
6573	户	1
6436	精	1
6414	爱	1
6292	庆	1
6209	为	1
6141	载	1
6016	会	1
5920	个	1
5903	现	1
5832	址	1
5779	观	1
4302	费	1
5719	电	1
5704	无	1
5247	站	1
5243	区	1
4941	产	1
4893	亚	1
4855	注	1
4810	片	1
4785	号	1
4696	机	1
4447	吗	1
11329	长	1
11365	六	1
11556	热	1
11614	男	1
17381	友	1
17298	奇	1
17219	店	1
17153	感	1
17137	装	1
17091	价	1
16982	传	1
16916	统	1
16828	华	1
16742	问	1
16735	证	1
16728	编	1
16727	算	1
16675	组	1
16669	还	1
16654	肖	1
16646	靠	1
16599	黑	1
16571	苏	1
16527	足	1
16491	红	1
16407	思	1
16339	求	1
16271	龙	1
16244	草	1
17390	坛	1
17404	输	1
17510	午	1
18337	假	1
18831	应	1
18818	那	1
18730	很	1
18647	例	1
18601	已	1
18593	除	1
18578	头	1
18544	创	1
18537	消	1
18492	介	1
18478	完	1
18311	破	1
17581	易	1
18217	认	1
18165	想	1
18056	考	1
17992	强	1
17990	九	1
17807	告	1
17780	优	1
17760	白	1
17755	众	1
17705	从	1
17655	称	1
16237	堂	1
16152	测	1
16077	容	1
12370	你	1
13801	设	1
13598	超	1
13451	查	1
13357	双	1
13328	样	1
13051	势	1
12815	息	1
12784	运	1
12654	讯	1
12582	幕	1
12400	际	1
12343	赢	1
13817	去	1
12291	值	1
12154	卡	1
12057	联	1
11970	青	1
11941	走	1
11928	类	1
11877	马	1
11761	当	1
11755	与	1
11739	务	1
11701	更	1
13811	何	1
13908	专	1
15889	预	1
14612	没	1
15664	导	1
15621	章	1
15616	参	1
15552	打	1
15540	评	1
15530	标	1
15355	领	1
15166	属	1
15038	将	1
14919	阳	1
14757	百	1
14588	链	1
13920	话	1
14495	黄	1
14480	宝	1
14430	律	1
14369	员	1
14351	东	1
14332	亿	1
14293	速	1
14264	购	1
14106	韩	1
13945	题	1
13932	们	1
35922	阿	1
35940	予	1
36090	依	1
84952	递	1
90653	挥	1
90649	灯	1
90638	揭	1
90551	盐	1
90477	顿	1
90209	纬	1
89933	缓	1
89858	驾	1
89642	湿	1
89429	扩	1
88408	罚	1
88392	译	1
88140	炸	1
87648	侠	1
87567	抢	1
87352	怀	1
87260	阶	1
87156	署	1
86917	寻	1
86845	岸	1
86618	晨	1
86534	储	1
86005	横	1
85231	缘	1
85043	宽	1
91031	洁	1
91337	剑	1
91832	寿	1
97430	粤	1
100719	仪	1
100406	践	1
100108	麦	1
99994	孙	1
99103	奋	1
99029	辉	1
98837	漂	1
98590	郑	1
98124	夹	1
98080	姆	1
98034	阅	1
96957	锦	1
91854	尿	1
96696	贯	1
95035	阵	1
94363	浴	1
94210	逸	1
93935	乘	1
93116	贡	1
93022	赏	1
92385	晓	1
92352	卷	1
92220	虚	1
92200	饮	1
85025	坡	1
84726	栏	1
73114	悦	1
84406	缺	1
79105	桥	1
78419	恒	1
78191	援	1
77434	盖	1
77202	刊	1
77152	纯	1
77038	练	1
76941	净	1
76728	邦	1
76629	诊	1
76589	隐	1
76434	穴	1
76222	龄	1
76189	辅	1
76094	寸	1
76074	鸡	1
76006	钢	1
75989	滚	1
75928	杨	1
75696	摇	1
75359	献	1
74816	颜	1
74630	宫	1
74612	弹	1
74299	缩	1
79126	拟	1
79233	励	1
79317	鲜	1
81807	丈	1
84344	惑	1
84223	岗	1
83578	仍	1
83388	氏	1
83221	贷	1
83176	恶	1
83110	拥	1
83059	触	1
82994	惊	1
82883	虽	1
82373	顾	1
81577	扬	1
79472	恋	1
81543	窗	1
81517	赵	1
81263	绩	1
81200	贫	1
81059	劳	1
81032	脚	1
81019	吴	1
80584	润	1
80107	毕	1
80006	萨	1
79842	档	1
101071	驰	1
101314	纷	1
979	，	1
102149	锁	1
137866	拔	1
137797	邑	1
137418	肺	1
137213	虐	1
136418	壮	1
135924	沿	1
135885	妙	1
135452	畅	1
134975	邻	1
134420	纽	1
133407	辰	1
132846	轨	1
132235	迈	1
132184	侧	1
132048	涯	1
131364	艳	1
130082	晋	1
130011	峡	1
129738	雀	1
129697	蒂	1
129686	灾	1
129581	犬	1
129223	铭	1
128721	亩	1
128700	枪	1
138577	眠	1
138696	绕	1
138924	莲	1
147092	剂	1
153632	忆	1
153115	毁	1
151417	硕	1
151108	墙	1
151030	纵	1
150467	浓	1
148980	赋	1
148142	虫	1
148082	惨	1
147797	鉴	1
147677	吕	1
146715	鸿	1
139269	筋	1
145628	烧	1
145531	乔	1
143414	迁	1
143150	扰	1
143002	辞	1
142844	赠	1
141883	赖	1
141441	闪	1
140976	泛	1
139956	冈	1
139874	袭	1
128060	潜	1
127610	履	1
127062	赶	1
106738	艾	1
111956	镜	1
111559	霍	1
111069	估	1
110849	甸	1
109922	饭	1
109743	凤	1
109580	拜	1
109546	猪	1
109045	圆	1
108618	沟	1
108379	荡	1
106530	携	1
112432	骑	1
106006	扎	1
105500	抱	1
105387	酷	1
105278	仓	1
105187	辽	1
105091	趋	1
104929	岭	1
104472	腾	1
103809	烟	1
103497	肃	1
103361	彻	1
112174	铺	1
116216	鸟	1
126982	驱	1
119501	虑	1
126887	脂	1
126797	废	1
126294	厨	1
126226	渐	1
124003	忧	1
123883	筹	1
123740	弃	1
123139	晴	1
122388	盗	1
121437	债	1
120462	矿	1
119218	姿	1
116493	谓	1
119063	迟	1
118779	磨	1
118652	夺	1
118267	诸	1
118204	滨	1
117930	敌	1
117888	驶	1
117827	妖	1
117467	驻	1
117359	闲	1
116949	谋	1
74026	阴	1
72791	抗	1
36159	胜	1
41577	跟	1
44902	兵	1
44801	希	1
44659	批	1
44512	织	1
44459	邮	1
44443	卫	1
44086	响	1
44051	择	1
43906	森	1
43860	担	1
43692	伯	1
43290	移	1
42996	岛	1
42994	键	1
42848	贵	1
42826	乡	1
42821	贴	1
42759	革	1
42585	仅	1
42567	铁	1
42420	执	1
42121	离	1
41832	湾	1
41816	赔	1
41779	终	1
45000	辆	1
45067	觉	1
45111	课	1
47257	判	1
48391	药	1
48321	绝	1
48254	礼	1
48091	猫	1
48039	急	1
47822	奥	1
47799	汉	1
47747	誉	1
47641	菲	1
47540	异	1
47373	含	1
47119	令	1
45494	楼	1
46678	诺	1
46674	宣	1
46569	它	1
46499	察	1
46385	层	1
46336	访	1
46202	扫	1
46035	屋	1
45969	顺	1
45933	独	1
45660	较	1
41739	亲	1
41555	善	1
72771	玛	1
41501	害	1
38873	居	1
38840	谢	1
38618	截	1
38130	难	1
37715	威	1
37657	听	1
37600	母	1
37599	武	1
37574	鲁	1
37568	温	1
37449	篮	1
37374	媒	1
37231	季	1
37225	许	1
37147	识	1
37146	湖	1
37075	园	1
37045	致	1
37006	积	1
36824	厅	1
36722	降	1
36295	违	1
36238	宾	1
36205	角	1
36173	吉	1
38903	负	1
38950	融	1
39214	承	1
39990	审	1
41331	讲	1
41276	念	1
41201	孩	1
40810	严	1
40730	短	1
40550	副	1
40498	丝	1
40194	汇	1
40131	订	1
40078	货	1
40069	协	1
39958	币	1
39322	览	1
39933	尚	1
39915	诉	1
39864	远	1
39780	坚	1
39711	养	1
39601	歌	1
39517	误	1
39511	检	1
39505	箱	1
39452	艺	1
39341	压	1
48414	授	1
48569	谷	1
48959	突	1
49007	爆	1
66291	释	1
66093	涨	1
65963	吨	1
65804	泽	1
65394	残	1
64846	齐	1
64581	够	1
64514	损	1
63667	馆	1
63613	涉	1
63317	污	1
63205	摄	1
63038	伤	1
62980	径	1
62763	诚	1
61999	刚	1
61944	临	1
61490	谈	1
61212	父	1
60736	督	1
60630	聚	1
60474	归	1
60218	圣	1
59989	暴	1
59919	须	1
66337	灵	1
66493	呼	1
66574	纸	1
70029	圈	1
72721	蓝	1
72526	亡	1
72439	舰	1
72344	杂	1
71826	澳	1
71772	贸	1
71238	饰	1
70674	胸	1
70461	阁	1
70271	针	1
70209	宗	1
69720	讨	1
66763	冰	1
69574	牲	1
69549	凯	1
69463	植	1
69291	忘	1
68903	静	1
68449	狼	1
68295	础	1
67888	帝	1
67803	旧	1
67575	愿	1
66810	笔	1
59888	街	1
59785	疑	1
59733	脱	1
51390	救	1
53307	雨	1
52860	届	1
52844	疗	1
52784	树	1
52726	似	1
52639	乌	1
52499	训	1
52446	雄	1
52095	块	1
51501	席	1
51439	遗	1
51366	梦	1
53657	括	1
51249	附	1
51224	卖	1
51045	贝	1
50391	紧	1
50302	减	1
50135	洋	1
49650	适	1
49334	轻	1
49318	纳	1
49062	概	1
49058	刘	1
53323	默	1
53864	启	1
59121	暂	1
56097	松	1
59045	绿	1
58783	架	1
58626	帮	1
58154	厂	1
57675	喷	1
57145	补	1
56896	却	1
56534	末	1
56503	闭	1
56484	陈	1
56236	轮	1
55974	镇	1
53877	顶	1
55615	映	1
55547	溪	1
55465	延	1
55148	籍	1
55142	赞	1
55081	荣	1
54841	继	1
54710	诗	1
54695	丽	1
54294	伟	1
53925	尽	1
199944	旁	1
